{"anxiety_level": {"anxiety_level": 1.0, "depression": 0.6943403793505077, "sleep_quality": -0.7102923125841069, "stress_level": 0.7367954226953097, "social_support": -0.5697478563830496, "self_esteem": -0.672745269467341, "future_career_concerns": 0.7170156316277518, "extracurricular_activities": 0.6410218542878167, "peer_pressure": 0.6429101451231729, "living_conditions": -0.5684344219424008, "mental_health_status": 0.6344496214914743}, "depression": {"anxiety_level": 0.6943403793505077, "depression": 1.0, "sleep_quality": -0.6931609071393324, "stress_level": 0.7343785737506857, "social_support": -0.6179719650789287, "self_esteem": -0.699601757141151, "future_career_concerns": 0.7065605984779401, "extracurricular_activities": 0.6485505920115457, "peer_pressure": 0.6355437219649265, "living_conditions": -0.5303507309043473, "mental_health_status": 0.6158823442183481}, "sleep_quality": {"anxiety_level": -0.7102923125841069, "depression": -0.6931609071393324, "sleep_quality": 1.0, "stress_level": -0.7490678608072432, "social_support": 0.5545530895099552, "self_esteem": 0.6626928053304495, "future_career_concerns": -0.6821297639221524, "extracurricular_activities": -0.6230923223579322, "peer_pressure": -0.6490981305134549, "living_conditions": 0.5354615182651588, "mental_health_status": -0.614145951105366}, "stress_level": {"anxiety_level": 0.7367954226953097, "depression": 0.7343785737506857, "sleep_quality": -0.7490678608072432, "stress_level": 1.0, "social_support": -0.6324969908829027, "self_esteem": -0.7561950866283417, "future_career_concerns": 0.742618604795192, "extracurricular_activities": 0.6929768658962857, "peer_pressure": 0.6906839575310744, "living_conditions": -0.5817230764553162, "mental_health_status": 0.6486439962454489}, "social_support": {"anxiety_level": -0.5697478563830496, "depression": -0.6179719650789287, "sleep_quality": 0.5545530895099552, "stress_level": -0.6324969908829027, "social_support": 1.0, "self_esteem": 0.6792109725869437, "future_career_concerns": -0.6027916006039777, "extracurricular_activities": -0.5300473533058746, "peer_pressure": -0.49017172460992614, "living_conditions": 0.46659420446851874, "mental_health_status": -0.48255961271680275}, "self_esteem": {"anxiety_level": -0.672745269467341, "depression": -0.699601757141151, "sleep_quality": 0.6626928053304495, "stress_level": -0.7561950866283417, "social_support": 0.6792109725869437, "self_esteem": 1.0, "future_career_concerns": -0.7125195461204591, "extracurricular_activities": -0.641201753597699, "peer_pressure": -0.607117867773477, "living_conditions": 0.550535046965688, "mental_health_status": -0.603501940287582}, "future_career_concerns": {"anxiety_level": 0.7170156316277518, "depression": 0.7065605984779401, "sleep_quality": -0.6821297639221524, "stress_level": 0.742618604795192, "social_support": -0.6027916006039777, "self_esteem": -0.7125195461204591, "future_career_concerns": 1.0, "extracurricular_activities": 0.6665646479946261, "peer_pressure": 0.6668725040036733, "living_conditions": -0.5650713214241541, "mental_health_status": 0.6259094231600872}, "extracurricular_activities": {"anxiety_level": 0.6410218542878167, "depression": 0.6485505920115457, "sleep_quality": -0.6230923223579322, "stress_level": 0.6929768658962857, "social_support": -0.5300473533058746, "self_esteem": -0.641201753597699, "future_career_concerns": 0.6665646479946261, "extracurricular_activities": 1.0, "peer_pressure": 0.6183705944346192, "living_conditions": -0.5157935545851977, "mental_health_status": 0.5545761974692743}, "peer_pressure": {"anxiety_level": 0.6429101451231729, "depression": 0.6355437219649265, "sleep_quality": -0.6490981305134549, "stress_level": 0.6906839575310744, "social_support": -0.49017172460992614, "self_esteem": -0.607117867773477, "future_career_concerns": 0.6668725040036733, "extracurricular_activities": 0.6183705944346192, "peer_pressure": 1.0, "living_conditions": -0.501794607013878, "mental_health_status": 0.5806019291712918}, "living_conditions": {"anxiety_level": -0.5684344219424008, "depression": -0.5303507309043473, "sleep_quality": 0.5354615182651588, "stress_level": -0.5817230764553162, "social_support": 0.46659420446851874, "self_esteem": 0.550535046965688, "future_career_concerns": -0.5650713214241541, "extracurricular_activities": -0.5157935545851977, "peer_pressure": -0.501794607013878, "living_conditions": 1.0, "mental_health_status": -0.5085251662459445}, "mental_health_status": {"anxiety_level": 0.6344496214914743, "depression": 0.6158823442183481, "sleep_quality": -0.614145951105366, "stress_level": 0.6486439962454489, "social_support": -0.48255961271680275, "self_esteem": -0.603501940287582, "future_career_concerns": 0.6259094231600872, "extracurricular_activities": 0.5545761974692743, "peer_pressure": 0.5806019291712918, "living_conditions": -0.5085251662459445, "mental_health_status": 1.0}}